Car_Name,Year,Selling_Price,Present_Price,Kms_Driven,Fuel_Type,Seller_Type,Transmission,Owner
car_0,2011,0.5,19.737390155132125,99733,Diesel,Individual,Automatic,1
car_1,2019,2.29511208046607,9.220855192129664,74122,Petrol,Individual,Manual,2
car_2,2015,2.3609320447120803,5.901970074039076,21087,Diesel,Dealer,Automatic,2
car_3,2012,6.345129184073556,25.378046630380375,53868,CNG,Dealer,Automatic,1
car_4,2011,10.330715086220478,29.56326105969946,28225,CNG,Individual,Automatic,1
car_5,2015,0.5,16.719325104475203,100286,Diesel,Dealer,Manual,2
car_6,2015,1.9658852100669537,6.807020003752498,11643,Diesel,Individual,Manual,0
car_7,2008,0.5,9.62460514254233,98059,Diesel,Individual,Manual,1
car_8,2012,0.5,2.5149389433290685,41727,CNG,Dealer,Automatic,2
car_9,2007,9.601542660109489,27.600366583693972,16005,Petrol,Individual,Manual,2
car_10,2006,0.5,5.297030320923952,114079,CNG,Dealer,Automatic,2
car_11,2016,1.528524260496247,18.1424613143991,70697,Diesel,Individual,Manual,2
car_12,2010,0.9535247020917628,9.673546179241768,21029,Diesel,Individual,Manual,0
car_13,2006,5.490670297809348,17.516984070442216,19226,CNG,Dealer,Manual,2
car_14,2005,0.5,20.239770873852198,68646,Diesel,Individual,Manual,1
car_15,2016,4.038663908159481,25.232770503801646,65603,CNG,Dealer,Automatic,0
car_16,2016,2.1527718008144414,7.77979560929689,33731,Diesel,Dealer,Manual,2
car_17,2021,0.5,2.3078832024374534,114458,Petrol,Individual,Manual,0
car_18,2014,0.5,5.832797641926604,115384,Petrol,Dealer,Automatic,1
car_19,2020,4.413296888432277,27.200521971746944,73926,Diesel,Dealer,Automatic,2
car_20,2019,14.318982895651263,26.468922171750428,10997,CNG,Dealer,Manual,1
car_21,2019,4.185379511392635,18.727566860768633,60506,Petrol,Dealer,Manual,2
car_22,2016,3.839324905255591,18.814472092142296,83229,CNG,Dealer,Automatic,2
car_23,2007,3.082074357711716,20.62102688729515,54815,Diesel,Dealer,Automatic,2
car_24,2009,0.5,6.9103958014565885,47092,CNG,Individual,Automatic,2
car_25,2011,1.8626695785468335,27.603534485898873,67539,Petrol,Dealer,Manual,2
car_26,2013,1.381431396346753,13.725574696978047,71077,CNG,Individual,Manual,0
car_27,2011,4.230603799233014,12.72787879098593,26817,CNG,Individual,Manual,2
car_28,2022,4.791592871569944,16.52969574791945,42861,Diesel,Dealer,Automatic,2
car_29,2008,0.5,3.3150470697015413,18428,Diesel,Individual,Automatic,0
car_30,2018,2.4280520807568386,6.655934325170223,48934,Diesel,Individual,Automatic,0
car_31,2022,0.5,22.664941259938374,119367,Petrol,Dealer,Manual,0
car_32,2013,0.5,4.318362701903541,15258,Petrol,Dealer,Automatic,0
car_33,2006,2.2989333423784846,18.888259065058868,62775,Diesel,Dealer,Manual,0
car_34,2019,1.9721343116974794,8.869775071076987,86580,Diesel,Individual,Automatic,0
car_35,2011,0.5,12.900277193175343,99947,Petrol,Individual,Manual,2
car_36,2016,3.710169567783563,10.083424629579596,10469,Petrol,Dealer,Manual,2
car_37,2012,3.02333065414918,11.958836061018577,33854,Petrol,Dealer,Automatic,1
car_38,2019,11.17167018931901,22.133285345158875,11256,Petrol,Individual,Manual,2
car_39,2007,0.5,10.3194080374489,81256,Diesel,Individual,Automatic,2
car_40,2018,4.068631016814697,17.859329928313123,38937,Petrol,Individual,Manual,0
car_41,2021,0.5319356453281834,15.32941126157479,104134,Diesel,Individual,Automatic,0
car_42,2008,8.525635316756448,20.58279263015415,6651,CNG,Dealer,Automatic,2
car_43,2022,8.261650485713549,28.231232701093223,55288,CNG,Individual,Manual,1
car_44,2012,1.391360477775157,22.51201872188701,89730,Petrol,Individual,Automatic,0
car_45,2008,1.9273717165094375,8.018330600541189,30051,CNG,Individual,Manual,2
car_46,2006,0.5,2.873127781715971,32386,CNG,Individual,Automatic,2
car_47,2010,0.5,9.343393240395102,80054,CNG,Dealer,Automatic,1
car_48,2014,0.5,18.662182059607137,116562,Petrol,Dealer,Automatic,1
car_49,2008,0.5,3.4399227775590098,21184,Petrol,Individual,Automatic,0
car_50,2022,4.767261682394752,15.898254921634617,38787,CNG,Individual,Manual,1
car_51,2016,7.3521312235493514,18.711599769672898,26621,Diesel,Dealer,Automatic,2
car_52,2006,0.5,11.358828942874903,80564,CNG,Dealer,Automatic,2
car_53,2014,0.5,23.585541704883013,82984,Petrol,Individual,Manual,1
car_54,2008,0.5,4.984751087745611,64792,Petrol,Individual,Manual,1
car_55,2018,0.5,4.103857888602645,50253,Petrol,Dealer,Manual,1
car_56,2020,6.546783485201376,22.389285173700895,39051,CNG,Dealer,Manual,1
car_57,2019,3.3938731141928984,15.873756853773557,54811,Diesel,Dealer,Manual,0
car_58,2012,5.473021945775722,21.27526709997661,35447,Petrol,Dealer,Manual,1
car_59,2018,0.5,14.175165480904894,88930,Petrol,Dealer,Automatic,0
car_60,2012,0.5,8.89925693069499,105037,CNG,Dealer,Manual,2
car_61,2020,9.604131113270412,24.93486489487759,35254,Diesel,Individual,Automatic,1
car_62,2017,1.134658192908406,24.38364461113142,89045,CNG,Dealer,Manual,0
car_63,2022,6.73054277864782,21.45150118392395,62418,Petrol,Dealer,Automatic,1
car_64,2019,0.5,9.620063842438956,119534,Diesel,Dealer,Automatic,2
car_65,2017,7.73402269583428,18.52645867233444,19472,Diesel,Dealer,Automatic,2
car_66,2013,0.5,12.10726911432075,116193,Petrol,Individual,Manual,2
car_67,2019,1.3975758935770042,4.564298053145756,8471,Diesel,Individual,Manual,1
car_68,2017,0.5,27.684780112942796,112332,Diesel,Dealer,Manual,1
car_69,2005,0.5,5.830921665730919,100804,CNG,Individual,Manual,0
car_70,2011,12.978187098912866,28.606645906982468,13329,Petrol,Individual,Automatic,2
car_71,2013,2.617904834246347,14.48816164282276,39865,Petrol,Individual,Manual,1
car_72,2005,0.5,7.18372200748135,51850,Petrol,Individual,Automatic,2
car_73,2016,2.903846808399816,17.17322652659403,59220,Petrol,Individual,Automatic,2
car_74,2012,0.5,26.44248340453943,117234,Petrol,Individual,Manual,0
car_75,2015,1.8034118520988793,22.502296819467713,98808,Diesel,Dealer,Manual,0
car_76,2021,0.5,24.583712140120593,113381,CNG,Dealer,Manual,0
car_77,2012,9.102674334485114,20.445934267900086,11397,Petrol,Dealer,Automatic,0
car_78,2007,0.5,21.38374380649987,102909,CNG,Dealer,Manual,2
car_79,2007,5.995982956084159,25.77747824382894,40525,CNG,Dealer,Automatic,0
car_80,2005,0.5,8.990704248057206,58072,Diesel,Individual,Manual,0
car_81,2009,0.5,15.703898982007933,95106,Petrol,Dealer,Automatic,0
car_82,2014,0.5,8.193864370948862,88820,Diesel,Dealer,Manual,0
car_83,2011,1.9472444239345685,29.654704223906116,89530,Petrol,Individual,Manual,2
car_84,2013,10.439818617383603,28.43366151122517,28284,Diesel,Individual,Automatic,0
car_85,2011,0.5,3.103950718318165,66330,CNG,Dealer,Manual,2
car_86,2013,2.512419710202521,21.756104830439277,88369,Petrol,Individual,Manual,1
car_87,2012,11.500802750510239,27.906952887638642,30122,CNG,Individual,Manual,2
car_88,2016,0.5,7.056109663565339,75553,CNG,Individual,Manual,2
car_89,2006,0.5,17.902466455473625,86906,Diesel,Individual,Manual,0
car_90,2005,0.5,27.63367233246517,99788,Petrol,Dealer,Manual,1
car_91,2020,0.5,2.9504874004023676,67812,CNG,Individual,Manual,1
car_92,2009,10.070766497941067,21.527767482911518,12999,Diesel,Dealer,Automatic,1
car_93,2007,0.8502385530526669,10.325772206431422,27436,Petrol,Dealer,Automatic,1
car_94,2016,8.771831304831256,27.88309347054285,47963,Petrol,Individual,Manual,2
car_95,2012,12.28063309178183,29.189630864630296,7096,CNG,Individual,Manual,1
car_96,2007,0.5,28.43946169517615,118737,Petrol,Individual,Manual,2
car_97,2005,3.1162516283840533,15.277998066408985,30279,CNG,Dealer,Automatic,2
car_98,2007,0.5,26.137194227700775,113899,Petrol,Individual,Automatic,2
car_99,2009,0.5,25.64738315898197,119245,Diesel,Individual,Manual,1
car_100,2019,2.852330524735235,10.934813250811157,31201,CNG,Individual,Automatic,0
car_101,2018,8.660510984798956,25.209633276218966,24715,CNG,Individual,Manual,0
car_102,2007,0.5,3.0362137720337934,34309,Petrol,Individual,Manual,1
car_103,2005,4.20433774240481,18.695556597497486,20078,Petrol,Dealer,Manual,0
car_104,2009,0.5,8.440247444055686,61614,CNG,Individual,Manual,0
car_105,2018,1.8047645742375826,5.375872801763807,10105,Petrol,Individual,Automatic,2
car_106,2011,0.5,4.154689645617856,99848,Diesel,Individual,Automatic,2
car_107,2013,10.504237772017552,21.496085724587914,7839,Petrol,Dealer,Manual,1
car_108,2019,0.6868341717315789,11.516498985505851,73920,Diesel,Individual,Automatic,1
car_109,2019,6.611705390576193,22.29346960280532,48619,Diesel,Dealer,Automatic,0
car_110,2014,0.5,3.8299775423703863,47821,Diesel,Dealer,Manual,2
car_111,2017,5.318246187336955,10.82812945925709,18493,Diesel,Individual,Automatic,1
car_112,2011,6.719409253689342,17.105756186509442,22069,Diesel,Individual,Manual,1
car_113,2021,0.5,24.14024861549098,117443,Petrol,Individual,Manual,1
car_114,2008,4.529358905173115,10.925070082097957,12531,Diesel,Dealer,Manual,1
car_115,2009,3.531448233749183,19.524958540236256,42051,Petrol,Dealer,Manual,1
car_116,2011,13.479769083134732,26.80737695061324,12736,Diesel,Dealer,Automatic,1
car_117,2017,8.267325032271138,19.24416926910453,12710,CNG,Dealer,Manual,0
car_118,2019,0.5,8.522865293101745,72155,Diesel,Dealer,Automatic,2
car_119,2015,0.5,2.6832218835830646,18975,CNG,Dealer,Manual,2
car_120,2008,2.9294549302106505,26.362768469226037,67424,Diesel,Individual,Manual,1
car_121,2017,1.625011200493026,2.59554350381084,50603,Diesel,Individual,Automatic,2
car_122,2011,9.076414869839555,26.49164683515758,28252,Diesel,Dealer,Manual,2
car_123,2006,0.5,16.810239752761937,85797,CNG,Individual,Automatic,2
car_124,2014,13.743557880830497,28.293895558361093,6431,CNG,Individual,Automatic,1
car_125,2017,2.1542172956521206,24.36593060166263,79603,Diesel,Dealer,Manual,1
car_126,2010,10.00255013831098,29.942155094933447,42481,Petrol,Dealer,Manual,2
car_127,2016,0.5,11.819930832647884,97573,Diesel,Individual,Manual,2
car_128,2016,9.76567025789567,23.481272090071553,14557,CNG,Dealer,Manual,1
car_129,2015,1.389395265567801,13.25406558105878,79971,Diesel,Dealer,Manual,0
car_130,2011,0.5,15.436517368509447,108302,CNG,Individual,Manual,2
car_131,2005,7.586201316410012,19.570152970114364,5162,CNG,Dealer,Automatic,0
car_132,2005,7.952485012936834,26.462959197217486,39742,CNG,Individual,Automatic,2
car_133,2017,13.29013748653167,29.554337137580262,24675,Diesel,Individual,Manual,0
car_134,2013,2.357718415557303,23.51165558820651,78997,CNG,Individual,Automatic,0
car_135,2007,5.000075590945064,13.697469900685345,22015,CNG,Individual,Automatic,0
car_136,2011,0.8520801430469341,13.797996063757966,55057,Diesel,Individual,Manual,1
car_137,2010,6.0334591438369,22.652304444488962,37591,CNG,Dealer,Manual,0
car_138,2012,0.5,8.685760081512466,98583,Diesel,Dealer,Automatic,0
car_139,2013,0.5,5.09327516767905,105318,CNG,Dealer,Manual,0
car_140,2009,1.8036961264038955,11.929420413941743,14833,Petrol,Dealer,Automatic,2
car_141,2005,0.5,10.042691766314288,12896,Petrol,Individual,Manual,0
car_142,2014,2.2402603250461466,10.296627372767723,37972,CNG,Individual,Automatic,2
car_143,2016,0.5,8.541017029397478,54733,Petrol,Dealer,Automatic,0
car_144,2019,1.6711797963747164,3.1786093098181327,46800,Diesel,Individual,Automatic,0
car_145,2013,0.5,2.5004701725355867,101044,Petrol,Dealer,Automatic,1
car_146,2021,15.00798199075002,29.656226912608883,10347,CNG,Dealer,Manual,2
car_147,2021,4.003678195852264,13.977647744604145,64063,CNG,Dealer,Manual,0
car_148,2016,0.5,12.761146120471087,100850,Diesel,Individual,Automatic,2
car_149,2011,8.638890736029284,21.030123915405955,7643,CNG,Individual,Automatic,2
car_150,2006,0.5,8.111108860221798,45785,Diesel,Individual,Manual,1
car_151,2007,13.630795382765319,28.598913150606307,23681,Petrol,Individual,Manual,1
car_152,2021,7.164403097590789,24.017660403635457,55026,Petrol,Dealer,Automatic,1
car_153,2009,0.5,4.503508064743267,108864,Diesel,Individual,Automatic,1
car_154,2021,4.76211785347548,13.692261721977994,20892,Diesel,Individual,Automatic,1
car_155,2021,7.431431009213581,26.615312611740613,52299,CNG,Individual,Automatic,1
car_156,2021,15.04368407286062,28.452496624159487,22073,Petrol,Dealer,Automatic,1
car_157,2006,0.5,15.087242314996352,107304,Diesel,Dealer,Manual,1
car_158,2006,4.541829115898866,19.175518897899817,35682,Petrol,Individual,Automatic,0
car_159,2009,0.5,6.676950490578106,102798,Diesel,Individual,Manual,2
car_160,2005,0.5,29.75272153183534,101894,Petrol,Individual,Manual,1
car_161,2005,0.5,8.486807638736416,19289,CNG,Individual,Manual,1
car_162,2006,10.045637365137202,28.396489675783517,12927,Petrol,Dealer,Automatic,2
car_163,2016,5.654216076625983,20.19010617178632,53330,Petrol,Individual,Manual,0
car_164,2010,1.9306818477039227,19.016630256608057,71707,Petrol,Individual,Manual,2
car_165,2008,0.5,16.35527830846224,82454,Petrol,Individual,Manual,2
car_166,2015,0.5,8.458754728097244,112439,Petrol,Dealer,Manual,1
car_167,2021,0.5,6.942784896154231,109646,CNG,Dealer,Automatic,2
car_168,2010,0.5,8.173613853964909,70428,Diesel,Individual,Automatic,2
car_169,2009,0.5,7.220271340039126,55601,Petrol,Individual,Manual,1
car_170,2006,2.139050886288107,23.82836525986909,82465,CNG,Individual,Manual,1
car_171,2010,3.5586784448016906,11.803507256668443,7539,Petrol,Individual,Automatic,1
car_172,2015,0.5,3.6195949437750983,107263,Petrol,Individual,Automatic,1
car_173,2020,0.5,29.13487364394272,116487,Diesel,Dealer,Automatic,2
car_174,2020,11.281467722471152,26.74600477897592,27669,Petrol,Dealer,Manual,2
car_175,2005,2.2000631387363803,27.977063929465963,75968,CNG,Dealer,Automatic,0
car_176,2013,10.39950797495408,29.85741903410019,25644,CNG,Individual,Manual,0
car_177,2010,0.5,6.869066978145645,23745,Diesel,Dealer,Manual,2
car_178,2020,3.5334849898625635,13.094776529274444,33228,Petrol,Dealer,Automatic,0
car_179,2007,6.153366816887071,23.230677319714555,39521,CNG,Dealer,Manual,2
car_180,2008,0.5,21.488577305506183,102239,Petrol,Individual,Automatic,0
car_181,2007,0.5,6.309085377515942,31928,Petrol,Individual,Manual,1
car_182,2011,9.58911492173322,24.8433274997373,23322,Petrol,Dealer,Automatic,0
car_183,2013,0.5,8.284336011426499,62714,Diesel,Individual,Manual,1
car_184,2005,0.5,8.266893215033447,92896,Petrol,Dealer,Manual,1
car_185,2012,1.6616511588319718,17.03528384101558,67292,CNG,Dealer,Automatic,1
car_186,2011,5.541022853056301,18.60231817556769,34055,Petrol,Dealer,Automatic,1
car_187,2022,4.918855736417318,18.24241381945871,47891,CNG,Dealer,Automatic,0
car_188,2012,0.5,4.561631447137136,86912,Petrol,Individual,Automatic,2
car_189,2005,10.502963789691432,26.56890415365065,11588,CNG,Individual,Manual,1
car_190,2015,0.5,9.43680119248377,95536,CNG,Individual,Automatic,0
car_191,2022,2.4776422787238976,5.626417795918517,11304,Petrol,Individual,Automatic,1
car_192,2014,12.437143022017167,26.884946236331363,12345,Petrol,Dealer,Manual,0
car_193,2007,7.896905549621781,28.758241950433096,34300,CNG,Individual,Automatic,0
car_194,2011,8.312371446693586,26.139573283432618,29259,Diesel,Dealer,Automatic,0
car_195,2020,0.7508140866416304,24.666450092296586,96006,Petrol,Individual,Manual,2
car_196,2020,1.0415568835505349,20.34677545789261,93553,Diesel,Individual,Automatic,0
car_197,2021,7.669254926867183,17.4240063770559,20352,Petrol,Individual,Automatic,0
car_198,2006,0.5,4.435629277519483,38365,Petrol,Dealer,Automatic,2
car_199,2005,0.7347594668021684,13.436689965979564,24446,Petrol,Dealer,Automatic,2
car_200,2020,5.11645304665792,12.435278476344791,7336,Petrol,Dealer,Automatic,0
car_201,2016,0.5,9.273105945289133,67032,Diesel,Dealer,Automatic,2
car_202,2009,1.8218106376830199,22.25576318328038,80415,Petrol,Individual,Manual,1
car_203,2009,0.5,15.884520582205582,102852,CNG,Dealer,Automatic,1
car_204,2013,0.5,4.269294045414142,103876,CNG,Dealer,Manual,2
car_205,2013,1.04888095373196,8.165129654594718,12521,Diesel,Individual,Manual,2
car_206,2007,0.9157258107954256,21.131245382468684,76707,Petrol,Individual,Manual,0
car_207,2020,0.5,4.131664065728405,28481,CNG,Dealer,Manual,2
car_208,2020,11.697084200146993,25.833793593365524,23474,Diesel,Individual,Automatic,0
car_209,2007,2.2237295343815022,15.864102756391281,51760,Petrol,Dealer,Automatic,1
car_210,2005,0.5,15.456424165146144,60718,CNG,Individual,Automatic,2
car_211,2015,4.635505761720269,18.587417970466493,49629,CNG,Dealer,Manual,0
car_212,2021,6.2378435529231595,25.091067045904175,50232,Diesel,Dealer,Automatic,0
car_213,2012,0.5,11.738657821261405,91544,Petrol,Dealer,Automatic,1
car_214,2008,2.1839859214596338,20.98445227165378,72169,Petrol,Dealer,Automatic,2
car_215,2010,3.0497376951534267,17.84049499188215,55669,CNG,Dealer,Manual,1
car_216,2012,0.5,9.476791564743797,83021,CNG,Individual,Manual,0
car_217,2007,0.5,26.601639617944425,114153,CNG,Dealer,Automatic,0
car_218,2020,4.511340001631932,24.327928604993986,74184,Petrol,Dealer,Manual,2
car_219,2007,2.547677324300741,20.436651370435914,52945,Diesel,Dealer,Manual,0
car_220,2022,12.165408378972232,25.816288414638773,18140,Diesel,Dealer,Automatic,2
car_221,2018,2.0900008460109705,26.284237626874464,88457,Petrol,Dealer,Manual,1
car_222,2022,9.003502558355844,21.834163348020972,19357,Diesel,Individual,Manual,2
car_223,2006,0.5,25.436373194182817,116672,CNG,Individual,Automatic,2
car_224,2007,0.6188920233728145,21.529200926739943,73673,Diesel,Dealer,Manual,0
car_225,2020,3.162020612831793,21.04394160928841,70633,Diesel,Individual,Manual,0
car_226,2013,0.5,19.32111859002516,81943,Diesel,Dealer,Manual,2
car_227,2008,0.5,23.076065907613955,101111,CNG,Individual,Manual,0
car_228,2005,0.5,6.440942948206064,83258,Petrol,Individual,Manual,0
car_229,2008,10.802575593274785,26.664381257569996,17924,CNG,Dealer,Manual,0
car_230,2005,3.029942288423083,26.411618776866497,74286,Petrol,Individual,Manual,2
car_231,2018,0.5,2.818923924967656,98269,Petrol,Individual,Manual,0
car_232,2020,3.619277002447528,25.122869015813354,79071,Petrol,Dealer,Automatic,2
car_233,2012,0.5,5.608356289256466,62326,Diesel,Dealer,Automatic,0
car_234,2011,0.5,11.383327919255972,95023,Diesel,Individual,Automatic,1
car_235,2007,6.943265258131902,22.818231176165018,35651,Petrol,Individual,Automatic,0
car_236,2021,0.5,6.50127708935263,75202,Petrol,Individual,Manual,0
car_237,2005,4.423853029354535,24.903076675333743,53777,Diesel,Dealer,Automatic,2
car_238,2020,10.755633082329298,25.299756982816774,21994,CNG,Individual,Automatic,2
car_239,2016,3.189716115136452,16.209096545303414,72263,Petrol,Individual,Manual,0
car_240,2018,0.5,2.1788044080713402,64634,CNG,Individual,Manual,1
car_241,2010,0.5,10.037067728897558,105158,Diesel,Dealer,Manual,0
car_242,2010,7.221440409499886,19.273953714520783,15800,Petrol,Dealer,Manual,0
car_243,2017,11.323881543858079,29.47321298476786,42823,CNG,Dealer,Manual,1
car_244,2012,0.5,19.690778756466713,113575,CNG,Dealer,Automatic,2
car_245,2006,0.5,9.274500269796475,68878,CNG,Individual,Manual,0
car_246,2005,6.310537507959831,19.752159686789117,23708,Diesel,Dealer,Automatic,2
car_247,2019,7.670182893879314,17.119590632043952,17819,Diesel,Individual,Automatic,2
car_248,2005,1.868669968596157,23.83567106423202,79905,CNG,Individual,Manual,1
car_249,2009,0.5,4.995457887154835,68870,CNG,Individual,Automatic,1
car_250,2020,12.332340633643888,23.308781270056784,14283,Diesel,Individual,Automatic,2
car_251,2008,2.093464424536042,17.155464202931086,35573,CNG,Dealer,Manual,0
car_252,2007,1.1677394852927612,28.96377610805185,83707,CNG,Dealer,Automatic,2
car_253,2021,4.277076186356318,11.57242064908321,35933,Diesel,Dealer,Automatic,0
car_254,2021,9.9520996241219,19.713413007750546,10774,CNG,Dealer,Automatic,0
car_255,2016,5.093674914740245,28.09678695428049,77055,CNG,Dealer,Manual,1
car_256,2018,0.5,4.870272383739019,15983,CNG,Individual,Manual,0
car_257,2010,0.5,28.24239764262063,101468,Diesel,Dealer,Manual,0
car_258,2007,0.5,21.260800224422773,101334,CNG,Dealer,Automatic,2
car_259,2013,0.5,3.8994376549448133,23133,Diesel,Dealer,Manual,1
car_260,2009,0.6743304863504507,10.426979874510856,19939,Diesel,Dealer,Automatic,0
car_261,2021,12.473836485843211,21.828818482067884,5781,Petrol,Individual,Manual,0
car_262,2018,0.5,3.8858168411256075,119586,Petrol,Individual,Automatic,1
car_263,2007,0.7103522838958631,18.30077288493565,61700,CNG,Individual,Manual,2
car_264,2005,0.5,11.684725594682789,32624,Diesel,Individual,Manual,1
car_265,2005,6.086713802225569,19.38563449748936,11823,Petrol,Individual,Automatic,1
car_266,2007,0.5,3.28077694675036,23489,CNG,Dealer,Manual,0
car_267,2022,7.837185000858462,26.403030572266537,44961,Petrol,Individual,Automatic,0
car_268,2014,9.099899274395103,29.257691136967114,34118,Petrol,Individual,Manual,2
car_269,2007,0.5,29.128579947999363,105417,Diesel,Individual,Manual,0
car_270,2012,0.5,22.990251288801893,86816,Diesel,Dealer,Automatic,0
car_271,2018,1.0530612976886482,5.642414723657695,27263,Petrol,Dealer,Automatic,1
car_272,2022,11.343591415469335,23.231369486012632,18565,Petrol,Individual,Automatic,0
car_273,2019,0.5,2.6884336608464423,25354,Diesel,Dealer,Manual,2
car_274,2006,0.5,2.619459442811923,47951,CNG,Dealer,Automatic,1
car_275,2014,0.5884223795391812,11.061086136187155,96179,Diesel,Individual,Manual,2
car_276,2006,3.5865981818057375,15.68200933133064,28648,Petrol,Dealer,Automatic,1
car_277,2021,7.358753968878702,23.57140769861821,55729,CNG,Dealer,Automatic,0
car_278,2012,4.5017271783705315,21.132270544982145,46971,Petrol,Dealer,Automatic,1
car_279,2005,3.721708337946307,14.485275778548953,23658,CNG,Individual,Automatic,1
car_280,2013,1.4663525479537045,9.661546655886644,26253,Petrol,Individual,Automatic,0
car_281,2015,5.8160840853309805,29.919486004415912,69166,CNG,Individual,Automatic,0
car_282,2020,2.056992136548804,13.933076462607243,53563,CNG,Dealer,Manual,2
car_283,2011,3.651970723607477,14.638836681230913,31390,Petrol,Individual,Automatic,2
car_284,2014,0.5,6.581466993366737,93664,CNG,Dealer,Manual,0
car_285,2007,4.8274332225984296,24.25466736499802,56578,Diesel,Dealer,Automatic,0
car_286,2022,3.9293569921472513,21.423102321881682,84025,Petrol,Dealer,Automatic,0
car_287,2017,0.5,8.181549158085291,108850,Diesel,Individual,Automatic,1
car_288,2011,0.8226737367585002,4.3066692772435955,37658,Petrol,Individual,Manual,1
car_289,2008,7.498851096715175,21.053980458091967,11852,CNG,Individual,Manual,1
car_290,2017,0.5,20.326313999871786,99986,CNG,Individual,Automatic,0
car_291,2005,0.5,9.65126675594986,7551,CNG,Dealer,Manual,2
car_292,2012,2.3176430300215163,28.62417974301149,76947,Petrol,Individual,Automatic,0
car_293,2018,0.5,6.2296209698652065,66001,Diesel,Dealer,Automatic,1
car_294,2020,2.2081967622899805,14.105374429192853,54159,Diesel,Individual,Manual,1
car_295,2018,6.8551155251172515,28.42124576469277,56707,Petrol,Individual,Manual,0
car_296,2016,3.936312645526827,13.752364873931425,38243,Petrol,Individual,Manual,0
car_297,2019,8.00213245983279,19.878726534594396,26800,Diesel,Dealer,Manual,1
car_298,2006,0.5,13.13264314295824,80939,Diesel,Dealer,Automatic,1
car_299,2006,0.5,9.67802566576276,62828,Diesel,Dealer,Manual,1
car_300,2021,14.55192804754421,29.55137414287519,12239,Diesel,Dealer,Manual,0
car_301,2014,3.2848970804735105,13.461352176821205,11710,Petrol,Dealer,Automatic,1
car_302,2010,9.057600526482972,27.034777703015763,26384,Petrol,Individual,Manual,1
car_303,2019,3.0333490393386393,8.438728964950414,26038,CNG,Dealer,Manual,2
car_304,2015,0.6169642825092393,7.9669317127023325,45846,Diesel,Dealer,Manual,0
car_305,2009,0.5,2.871754320766318,92983,CNG,Dealer,Manual,2
car_306,2005,0.5,20.24667111052478,72821,Petrol,Dealer,Automatic,2
car_307,2012,2.9376044084131654,12.318737624265312,42991,Petrol,Individual,Automatic,1
car_308,2016,0.5,26.202030995509837,84057,CNG,Dealer,Manual,0
car_309,2016,0.5,15.2498773873636,118193,Diesel,Individual,Manual,1
car_310,2009,13.672185842509204,29.10941598161221,11971,Diesel,Individual,Automatic,0
car_311,2011,1.586425398571458,7.194714439687392,34139,Diesel,Individual,Manual,2
car_312,2008,0.5,26.321448702757102,90445,Diesel,Dealer,Manual,0
car_313,2010,0.5,23.74471187816877,82067,CNG,Individual,Manual,1
car_314,2017,3.6636821131289197,23.585811650033456,85257,CNG,Dealer,Manual,1
car_315,2019,2.4293179614849487,25.653930387272855,89742,Petrol,Dealer,Manual,1
car_316,2007,5.048550113769201,23.30867174640397,42711,Diesel,Dealer,Manual,0
car_317,2012,6.901501919352615,19.53416900567963,11530,Diesel,Dealer,Manual,2
car_318,2020,0.5,5.674856575106852,16116,Diesel,Dealer,Manual,2
car_319,2017,0.5,2.9107330257550537,70794,CNG,Individual,Manual,0
car_320,2022,15.80634673155945,27.78373973883923,5282,Diesel,Individual,Automatic,1
car_321,2014,1.2238970031563774,19.266208806580664,84473,CNG,Dealer,Automatic,2
car_322,2021,11.979568714164404,24.303044147332937,6898,Diesel,Individual,Automatic,1
car_323,2009,4.11740774495229,15.482625842351402,9135,Diesel,Dealer,Manual,0
car_324,2013,0.5,5.284629290947045,11629,Petrol,Individual,Manual,1
car_325,2016,0.5,5.505202181671413,114472,Diesel,Individual,Automatic,2
car_326,2005,0.5,21.195828042411197,90120,Diesel,Individual,Manual,2
car_327,2005,0.5,14.048565057184955,94087,Petrol,Individual,Automatic,1
car_328,2019,1.1538378219415255,7.614692347609428,70031,CNG,Individual,Manual,0
car_329,2006,1.1144887052200834,15.764647308760232,38380,CNG,Dealer,Automatic,1
car_330,2020,0.5,3.7978502381037544,117507,Diesel,Dealer,Automatic,0
car_331,2012,6.552224548643984,18.295199253603165,22071,CNG,Individual,Automatic,1
car_332,2017,3.0184266949352505,9.531815324182734,25074,Diesel,Dealer,Manual,2
car_333,2005,0.5,24.33165481784127,95724,Petrol,Individual,Automatic,0
car_334,2020,0.5,10.690134849860065,72843,Petrol,Dealer,Manual,0
car_335,2011,3.4108829126739817,14.746164174290433,44901,Diesel,Individual,Manual,0
car_336,2009,0.5,2.325375117426818,16205,Petrol,Individual,Manual,2
car_337,2007,0.5,4.028512858247648,60661,Petrol,Individual,Manual,1
car_338,2016,4.704762454829114,12.989819579387175,10906,Diesel,Dealer,Manual,2
car_339,2020,6.93470388991478,15.438287372079458,7591,Diesel,Dealer,Manual,0
car_340,2009,1.914907402563374,18.800575347340505,67987,Petrol,Individual,Manual,1
car_341,2018,0.8155869192179458,10.16655220386049,68370,CNG,Individual,Automatic,2
car_342,2009,0.5,21.459492811543193,85685,CNG,Dealer,Automatic,0
car_343,2019,0.5,26.083427121297728,115454,Diesel,Dealer,Automatic,0
car_344,2021,1.5919556324153437,23.835827689013794,110487,Diesel,Dealer,Manual,2
car_345,2018,0.5,3.109327109754,59400,CNG,Dealer,Manual,2
car_346,2009,3.7658844499367294,15.454194523219211,30150,Petrol,Dealer,Manual,2
car_347,2016,1.1091269661421115,4.938044995708896,36852,CNG,Individual,Manual,0
car_348,2020,3.0700139646256077,8.77726044415077,47870,CNG,Dealer,Automatic,2
car_349,2020,7.418723301563396,29.6265526114801,57756,CNG,Individual,Manual,0
car_350,2011,0.5,5.98987520124237,61481,CNG,Individual,Automatic,2
car_351,2008,5.079465479429528,15.96886829663797,6283,Diesel,Dealer,Manual,0
car_352,2005,2.1146986815681976,19.308360560907335,38691,Diesel,Dealer,Automatic,0
car_353,2009,9.47531517591949,21.66901917523491,6125,Petrol,Individual,Manual,1
car_354,2014,1.87359999564714,17.670163137633594,72065,Petrol,Dealer,Automatic,2
car_355,2009,0.5,2.2735837277371425,31170,Petrol,Individual,Manual,2
car_356,2008,1.5127866927720544,11.140916630831773,13438,Petrol,Dealer,Automatic,0
car_357,2006,4.9164258507773395,16.495926014771918,25095,CNG,Dealer,Manual,0
car_358,2014,0.9636294267100318,4.4602619760553335,21154,Diesel,Dealer,Automatic,0
car_359,2005,2.1692267652399377,11.81755407385706,13004,Diesel,Individual,Automatic,1
car_360,2009,0.5,2.929687046158264,14752,Petrol,Dealer,Manual,1
car_361,2017,0.5,4.200197920340581,60426,Petrol,Individual,Automatic,0
car_362,2008,0.5,13.11385173364469,113896,CNG,Dealer,Manual,2
car_363,2020,1.6172868785098642,5.71604111320569,31819,CNG,Individual,Manual,2
car_364,2020,0.6412954889568097,17.89114375132363,107168,Petrol,Dealer,Manual,1
car_365,2006,0.5,21.30501913584344,97051,Diesel,Individual,Automatic,1
car_366,2021,9.859539812867652,24.41642757505432,29217,Diesel,Individual,Automatic,0
car_367,2016,0.5,7.604206838854683,93708,Diesel,Individual,Manual,2
car_368,2022,2.7376399467585255,6.689512303253953,37994,Petrol,Individual,Manual,0
car_369,2007,0.5,4.9278995293632075,20036,Diesel,Individual,Automatic,1
car_370,2005,0.5,19.82004698722183,82275,CNG,Individual,Automatic,2
car_371,2005,0.5,21.781320341633233,102756,CNG,Dealer,Automatic,2
car_372,2015,0.5,2.884412055117977,54416,Petrol,Individual,Manual,1
car_373,2009,11.890735105846337,28.213942894823315,14587,CNG,Individual,Manual,0
car_374,2016,0.5,3.4551959422412275,115053,Petrol,Individual,Manual,0
car_375,2007,0.5,17.156297388429973,100665,Diesel,Dealer,Manual,2
car_376,2005,8.366720514377825,21.85369454462566,5645,Diesel,Dealer,Manual,1
car_377,2005,4.34240933708198,26.387135464890395,35930,Diesel,Dealer,Automatic,2
car_378,2012,1.2899473097767182,21.994434099707977,86835,CNG,Individual,Manual,1
car_379,2014,8.975913402274626,24.44838632595417,35090,Petrol,Dealer,Automatic,0
car_380,2015,0.5,11.50460539119857,92489,Diesel,Dealer,Automatic,1
car_381,2016,6.20786571495753,24.81510318490234,57142,Petrol,Individual,Manual,0
car_382,2017,0.5,4.2432156987709035,116979,Diesel,Individual,Automatic,1
car_383,2016,10.087226602064389,27.054866369694775,31475,CNG,Dealer,Manual,2
car_384,2018,7.870976648293795,17.332586532304614,23888,CNG,Individual,Automatic,0
car_385,2006,4.4251298755196595,24.884337558949824,48732,Petrol,Individual,Manual,2
car_386,2022,1.6293895450742655,14.664911966512404,86623,CNG,Individual,Manual,2
car_387,2007,2.8718084800871932,20.0201754655027,51305,CNG,Individual,Automatic,0
car_388,2021,4.384832512511648,16.73927450621117,51037,Petrol,Dealer,Manual,0
car_389,2012,8.93016826133222,22.484506609149292,14346,Diesel,Individual,Automatic,2
car_390,2014,0.5,4.285639496856508,5587,CNG,Dealer,Manual,2
car_391,2006,0.5,3.6898583517357864,17763,Petrol,Dealer,Manual,2
car_392,2013,1.2277377253606983,8.9188905522841,64165,CNG,Dealer,Manual,2
car_393,2011,0.5,6.467251043169274,112481,CNG,Dealer,Automatic,0
car_394,2008,1.3269423322968799,26.40993986458165,74615,CNG,Individual,Automatic,0
car_395,2022,2.470999036420031,8.137991646025242,41116,CNG,Individual,Manual,2
car_396,2017,2.5997047448007717,29.324227162935678,90751,Petrol,Individual,Automatic,1
car_397,2015,0.5,11.433082169590993,96353,Petrol,Dealer,Manual,1
car_398,2008,0.5,7.0993016392835795,95301,Petrol,Dealer,Automatic,0
car_399,2008,0.5,24.111558199989418,100648,CNG,Dealer,Automatic,2
car_400,2014,6.391999384437052,20.443817714024533,30556,CNG,Individual,Manual,2
car_401,2009,0.5,15.949480060687891,64042,CNG,Dealer,Manual,0
car_402,2013,5.831757814606385,17.550179426253674,23099,Petrol,Individual,Manual,1
car_403,2007,0.5,22.13764979162339,114089,CNG,Individual,Manual,1
car_404,2021,2.449880659675569,8.396732757276364,50096,Diesel,Individual,Manual,1
car_405,2007,0.8857808621977701,29.897349649588776,76986,CNG,Individual,Automatic,0
car_406,2020,13.958283378944019,29.294208540109928,18230,Diesel,Dealer,Automatic,1
car_407,2008,4.196242327395154,20.209119217714232,34009,CNG,Individual,Manual,0
car_408,2022,2.2625215171819484,7.587188626016063,75969,Petrol,Dealer,Manual,0
car_409,2021,7.864159133927233,21.046390788076156,38866,CNG,Individual,Manual,2
car_410,2011,0.5,4.021555451416924,110400,Diesel,Dealer,Automatic,1
car_411,2009,0.5,2.85827006176257,89246,Diesel,Dealer,Manual,0
car_412,2016,0.5,9.215120878313982,81975,CNG,Individual,Manual,1
car_413,2021,5.964692781550867,14.953442788700857,46855,Diesel,Individual,Automatic,1
car_414,2017,3.572473632397162,26.311630151434656,86557,Diesel,Individual,Automatic,2
car_415,2007,8.457948330258217,22.360733953456624,11416,Petrol,Dealer,Automatic,1
car_416,2013,2.0426137123950014,22.79578259359947,77516,CNG,Individual,Automatic,2
car_417,2021,1.4033135876901643,13.91381336454611,60915,CNG,Individual,Manual,0
car_418,2021,4.988975741522414,11.686179791314961,23058,CNG,Dealer,Automatic,1
car_419,2020,1.0503084396932483,12.389085363568876,81637,Diesel,Individual,Automatic,0
car_420,2017,9.767817932164133,29.65418778460962,45718,CNG,Dealer,Manual,1
car_421,2021,1.1444872430955888,3.1230573595495095,37602,CNG,Individual,Manual,0
car_422,2008,2.9332309413673014,26.27688189142856,79658,Petrol,Dealer,Manual,1
car_423,2016,1.694337896892987,18.202911440027016,83112,Petrol,Dealer,Automatic,1
car_424,2013,0.5,14.281231737308532,63067,Petrol,Individual,Manual,1
car_425,2016,5.608308212007957,22.30721449162382,32516,Diesel,Dealer,Automatic,1
car_426,2013,0.5,15.62673035989168,92969,CNG,Individual,Automatic,1
car_427,2011,13.401550525741873,26.455850666286494,6089,Petrol,Individual,Automatic,1
car_428,2018,10.79206582600968,27.219652192315237,42346,Petrol,Dealer,Manual,1
car_429,2019,1.1470032320520644,13.808185952456752,79663,Petrol,Individual,Automatic,1
car_430,2020,2.4346652458574196,9.751178322581444,15487,CNG,Dealer,Manual,1
car_431,2009,6.624022713219816,18.585809200614143,5155,CNG,Dealer,Manual,0
car_432,2007,3.8808484562591823,27.546173677267348,72494,CNG,Dealer,Manual,2
car_433,2016,0.5,7.898541292158664,81229,Diesel,Dealer,Automatic,1
car_434,2008,0.5,19.443064339777518,109648,Diesel,Dealer,Automatic,2
car_435,2020,6.492942592240721,19.683686162590575,43547,Petrol,Dealer,Automatic,1
car_436,2011,7.419774392660356,22.52716462762787,33795,CNG,Dealer,Manual,1
car_437,2017,1.7147673891443462,5.6838951835632745,60296,Petrol,Dealer,Automatic,0
car_438,2014,8.500771684460817,22.04309901109848,26447,CNG,Individual,Automatic,0
car_439,2011,7.908731752569791,27.452910578637947,41598,CNG,Individual,Automatic,2
car_440,2018,2.9012738866177727,7.031127048366775,46814,CNG,Dealer,Automatic,0
car_441,2009,0.5,8.651213097868574,95751,Diesel,Individual,Automatic,0
car_442,2007,1.1986865759568563,29.19906263316591,80330,Diesel,Individual,Manual,2
car_443,2015,0.5,7.0673546758657135,103745,CNG,Individual,Manual,0
car_444,2015,1.752215751592849,25.922782614348215,92960,Petrol,Individual,Manual,1
car_445,2022,2.9739409984981355,15.783779980544974,68278,CNG,Individual,Manual,2
car_446,2019,0.7557198215383467,8.922470083288957,60077,CNG,Individual,Automatic,2
car_447,2016,0.5,26.380997235630318,117782,Petrol,Dealer,Manual,1
car_448,2013,0.5,14.468547140074634,107932,CNG,Individual,Automatic,0
car_449,2014,0.8711556483215568,16.414885910031323,76906,Petrol,Individual,Manual,2
car_450,2016,3.51639206898463,12.05853434319344,14528,Diesel,Individual,Manual,2
car_451,2021,1.3569166577882694,18.60262384017797,98812,Diesel,Individual,Manual,1
car_452,2010,0.5,6.5786684323806375,55100,Petrol,Dealer,Automatic,1
car_453,2011,0.5,12.9502830262493,114869,Diesel,Dealer,Automatic,0
car_454,2018,13.90334377634823,29.14354502538805,13179,Diesel,Dealer,Manual,2
car_455,2017,1.077594033179973,9.227736115631572,53781,Petrol,Dealer,Automatic,0
car_456,2012,4.731374963279816,20.388626607156183,60267,Diesel,Individual,Manual,0
car_457,2014,0.5,11.105321798291456,87379,CNG,Dealer,Manual,1
car_458,2013,9.433492206707383,23.657247519224818,28952,CNG,Dealer,Manual,2
car_459,2022,0.5,5.664462500113795,58798,Petrol,Dealer,Automatic,2
car_460,2006,0.5,29.15498926219925,103696,Diesel,Dealer,Manual,2
car_461,2009,0.5,14.706107158741899,115434,CNG,Individual,Manual,1
car_462,2009,0.5,8.60941297370099,55939,CNG,Dealer,Manual,1
car_463,2010,0.5,4.057908925240355,34516,Diesel,Individual,Automatic,1
car_464,2012,0.5,6.753221342451141,61526,Diesel,Dealer,Manual,1
car_465,2020,6.983909396885378,16.553670559568495,15449,CNG,Individual,Automatic,1
car_466,2017,3.1174216664521603,11.436088940076017,55290,CNG,Individual,Manual,2
car_467,2005,0.5,25.208734244713064,91661,Petrol,Dealer,Automatic,0
car_468,2021,2.18190894399341,14.064850662530567,77954,Petrol,Dealer,Manual,2
car_469,2011,0.677664146910439,8.963999632453637,27746,CNG,Dealer,Manual,0
car_470,2017,3.588717318553872,19.28005962491284,72990,Petrol,Dealer,Automatic,1
car_471,2008,2.8768899325899673,21.789762072792485,63810,CNG,Individual,Automatic,0
car_472,2008,0.5,6.6771734212265965,88297,CNG,Individual,Manual,2
car_473,2010,0.5,6.693338056072895,20223,Petrol,Dealer,Automatic,2
car_474,2016,0.5,3.026799954139203,77237,Petrol,Dealer,Manual,0
car_475,2011,10.288040920454703,22.619256421837935,7597,Diesel,Individual,Manual,1
car_476,2014,1.6980984619012944,20.586526773410544,70677,Diesel,Dealer,Manual,1
car_477,2011,5.292886391066216,15.289664520994789,7659,Diesel,Individual,Automatic,2
car_478,2007,0.5,25.63677257113752,91516,CNG,Dealer,Manual,0
car_479,2017,1.5939945240703624,24.558764282601487,79567,Petrol,Individual,Automatic,1
car_480,2017,6.7427067825370655,18.38992220310906,20037,CNG,Individual,Manual,1
car_481,2022,8.55731972268185,26.31159585437124,51738,Petrol,Individual,Automatic,2
car_482,2012,0.5,7.763553881029511,108965,CNG,Individual,Automatic,1
car_483,2013,0.6978012574879384,5.1337493431363805,76678,Diesel,Individual,Manual,0
car_484,2011,3.8732377873703316,9.55298912247571,17109,Diesel,Dealer,Automatic,2
car_485,2005,0.5,3.598431970500816,27010,Diesel,Individual,Manual,2
car_486,2007,4.6762983893783545,16.872746784028898,13787,CNG,Dealer,Manual,0
car_487,2017,0.5,28.224959384258923,113400,Petrol,Individual,Manual,2
car_488,2021,0.5,3.10161913871827,13472,Petrol,Individual,Manual,1
car_489,2005,0.5,5.41907759228075,28383,Diesel,Dealer,Manual,1
car_490,2010,0.5,14.661572791936187,66709,Diesel,Dealer,Automatic,0
car_491,2010,2.7329989482762826,28.148500490781338,74785,Diesel,Dealer,Manual,1
car_492,2016,0.5,10.852370939349015,118253,Diesel,Dealer,Automatic,0
car_493,2017,4.117676440065927,16.20257464327499,39518,Petrol,Individual,Automatic,0
car_494,2017,0.5,3.1640400534109787,58909,CNG,Dealer,Manual,1
car_495,2019,3.1686545355752096,6.153609626938488,23351,CNG,Individual,Automatic,0
car_496,2020,5.6436066983873365,29.625643442847714,74624,CNG,Dealer,Manual,1
car_497,2015,8.266084089411308,29.023323500209276,58330,CNG,Dealer,Automatic,2
car_498,2009,0.5,2.1383194661634692,20282,Diesel,Individual,Automatic,2
car_499,2008,1.3088457245727758,28.650729991850692,89866,Diesel,Individual,Automatic,0
car_500,2007,0.5,19.89535825883401,112945,Diesel,Dealer,Manual,1
car_501,2022,12.499999072593473,26.30171224656062,26778,CNG,Individual,Automatic,1
car_502,2019,5.0339636570730635,14.732715957748056,29264,Diesel,Individual,Manual,2
car_503,2013,1.9447893843336204,16.436688800219006,64675,Diesel,Individual,Automatic,2
car_504,2021,7.952553121029467,15.687704247193764,10075,Petrol,Individual,Automatic,1
car_505,2018,2.4310861456031834,20.672199211290923,80948,Petrol,Individual,Automatic,0
car_506,2019,0.5,5.910235133176761,53454,Diesel,Individual,Automatic,2
car_507,2005,0.5,2.8392605164349827,33365,Petrol,Individual,Manual,0
car_508,2007,0.5,10.622038364553346,77766,Petrol,Individual,Manual,0
car_509,2020,6.628516619919479,21.731061356626107,53200,Diesel,Dealer,Automatic,2
car_510,2015,0.5,7.651896659442555,16002,Diesel,Individual,Automatic,0
car_511,2016,7.791074126332744,20.856108133097685,18947,Diesel,Dealer,Manual,0
car_512,2014,2.9950572752610123,29.15753729100357,84222,Diesel,Individual,Manual,1
car_513,2020,0.5,4.629220042103714,99840,CNG,Individual,Manual,0
car_514,2012,0.5,20.832859310303537,83610,CNG,Individual,Manual,1
car_515,2010,1.2443965133641206,14.425006140527993,57142,Diesel,Individual,Automatic,2
car_516,2016,6.260126862319012,26.30798312257015,61307,Petrol,Dealer,Automatic,2
car_517,2012,0.6942390476454379,6.960194104526805,9493,Diesel,Dealer,Manual,1
car_518,2008,3.599633564861,21.393526662332608,55085,Diesel,Individual,Manual,2
car_519,2012,6.997642862519525,25.467228110147087,39228,Petrol,Dealer,Manual,0
car_520,2022,5.133893728117577,28.44919814527265,84676,CNG,Individual,Manual,0
car_521,2009,2.4701687361434725,21.130944792110082,56875,Diesel,Individual,Manual,0
car_522,2013,2.8925560597851514,15.920893392235964,36655,Diesel,Dealer,Manual,2
car_523,2008,3.3312796996572893,19.299722725633988,48472,CNG,Dealer,Automatic,0
car_524,2021,6.1976264773444525,26.329339565404112,54437,CNG,Individual,Automatic,2
car_525,2013,1.189930559235751,17.977072905887233,54416,Petrol,Individual,Automatic,0
car_526,2005,0.5,2.850837671511432,64711,CNG,Dealer,Manual,1
car_527,2017,12.397541032900943,28.066563474195377,11816,CNG,Individual,Manual,2
car_528,2020,1.4959873275038185,21.30674902888371,82175,CNG,Dealer,Manual,2
car_529,2017,2.6964002521792265,20.942374801762902,69307,Petrol,Individual,Automatic,0
car_530,2018,0.5,8.03890426713608,117728,CNG,Individual,Manual,2
car_531,2007,3.0377773543286493,20.448793166514402,51733,CNG,Dealer,Manual,2
car_532,2010,0.5,13.028203358316437,100028,Petrol,Dealer,Automatic,1
car_533,2022,10.195856859951684,20.234523357161777,16240,CNG,Dealer,Manual,1
car_534,2009,0.5,4.98460484862374,103234,CNG,Individual,Automatic,0
car_535,2019,0.5,20.41966852888501,97493,Petrol,Individual,Automatic,1
car_536,2006,0.5,29.983584321578665,103344,Diesel,Individual,Manual,0
car_537,2014,0.5,3.349937088095569,76363,Petrol,Individual,Automatic,0
car_538,2022,11.107891717312633,29.360877158196885,37762,CNG,Dealer,Manual,0
car_539,2017,6.4308202859564725,13.393422900240378,13259,CNG,Individual,Automatic,2
car_540,2009,6.295834950928101,26.381096609443254,55139,CNG,Individual,Manual,1
car_541,2005,10.270313792114607,23.90679355363166,19849,Petrol,Individual,Automatic,0
car_542,2005,0.5,17.8764553076267,86768,CNG,Dealer,Manual,1
car_543,2022,0.5,22.676577859037142,111108,CNG,Individual,Automatic,0
car_544,2019,3.777514369597118,26.59843571643774,94709,Petrol,Individual,Automatic,1
car_545,2021,1.2028003175909217,13.315929006228924,59869,Diesel,Dealer,Automatic,1
car_546,2015,2.486766939302292,11.156928523770684,68095,Diesel,Individual,Manual,0
car_547,2021,3.7090382048730275,20.692614795780372,75910,CNG,Individual,Manual,2
car_548,2017,1.8665874106750922,24.61968637435524,91710,Petrol,Dealer,Automatic,1
car_549,2005,5.1922543558047725,23.34398377374524,28567,CNG,Individual,Manual,2
car_550,2006,5.248815025247069,24.338782168041767,40292,Petrol,Individual,Automatic,2
car_551,2013,1.9999164938441332,14.196332814762124,79813,Petrol,Individual,Manual,0
car_552,2007,0.5,24.899358052900606,102136,Diesel,Dealer,Automatic,0
car_553,2005,0.5,5.365853550377036,56631,Diesel,Individual,Manual,0
car_554,2020,8.269625210880895,17.245694742903787,14885,Petrol,Individual,Automatic,1
car_555,2010,0.5,2.161242493947404,64659,CNG,Dealer,Automatic,0
car_556,2021,2.7101488802018214,11.088403237207569,59306,Diesel,Dealer,Automatic,0
car_557,2009,0.5,12.26092297639914,71314,CNG,Individual,Automatic,1
car_558,2009,0.5,13.092835365059152,70087,Diesel,Individual,Manual,1
car_559,2010,5.374633610630686,21.47308178731614,34165,Diesel,Individual,Automatic,0
car_560,2007,0.5,12.879626835569681,63929,CNG,Individual,Manual,0
car_561,2009,0.57514005227041,14.563421433430857,72028,Diesel,Dealer,Manual,0
car_562,2009,0.5,8.651235664481169,100998,Diesel,Individual,Automatic,0
car_563,2014,1.4935543608785757,12.451050165621522,54812,CNG,Dealer,Manual,2
car_564,2014,1.223312980014168,8.363549563368242,55500,Diesel,Dealer,Manual,2
car_565,2021,0.5,4.049485865516422,84151,Diesel,Individual,Manual,0
car_566,2018,4.329451429756805,18.89656061467858,63643,Diesel,Individual,Automatic,2
car_567,2013,4.359026948050266,20.709958359540455,49900,CNG,Dealer,Manual,1
car_568,2018,4.403162633865683,19.345729688269206,47946,Petrol,Dealer,Manual,2
car_569,2005,5.847222550772321,14.977833226416026,12851,CNG,Individual,Automatic,2
car_570,2017,4.435081654872464,12.634001845018435,21288,Petrol,Dealer,Automatic,0
car_571,2017,3.168615916875127,26.173342188011105,77692,Diesel,Individual,Manual,2
car_572,2008,0.5,16.534289983814105,72580,Petrol,Individual,Automatic,2
car_573,2005,4.978025007862744,15.417092573632466,12368,CNG,Dealer,Manual,2
car_574,2021,0.5,2.7179778425801993,90436,CNG,Dealer,Manual,2
car_575,2012,0.5,11.554939173532379,101136,Diesel,Individual,Manual,1
car_576,2006,0.5,12.645477326003999,51403,Petrol,Dealer,Automatic,0
car_577,2012,0.5,13.167037865113214,96170,Diesel,Individual,Manual,0
car_578,2011,5.611892857726499,18.244826338365304,14168,Diesel,Individual,Automatic,1
car_579,2006,0.5,16.940871308352598,91497,CNG,Individual,Automatic,2
car_580,2007,2.112438942662198,19.02134259821645,54879,Petrol,Dealer,Manual,1
car_581,2022,5.456638408053061,23.41673132317959,64871,Petrol,Individual,Automatic,2
car_582,2016,0.5,24.763600684050616,114632,Petrol,Individual,Automatic,1
car_583,2005,0.5,22.107446134341842,116623,Petrol,Individual,Automatic,0
car_584,2016,3.7455692104635965,28.75466348673817,94388,Diesel,Individual,Automatic,0
car_585,2009,0.5,2.5105123149381257,103646,Diesel,Individual,Automatic,0
car_586,2021,2.5154031159620125,7.481783599139291,37174,CNG,Individual,Manual,2
car_587,2020,0.5,2.2117604993879794,104751,Diesel,Individual,Automatic,2
car_588,2019,0.5,20.129291996328885,97491,Diesel,Individual,Manual,1
car_589,2019,13.133018131569955,27.144855370599632,11581,CNG,Individual,Manual,1
car_590,2009,0.5,8.81750430413638,115155,CNG,Individual,Manual,0
car_591,2018,5.736923092173681,27.956967254296586,76853,CNG,Individual,Manual,2
car_592,2006,0.5,3.687486928107704,69046,Diesel,Dealer,Manual,1
car_593,2015,5.488937926864359,28.1642087505544,54678,Diesel,Individual,Manual,2
car_594,2011,0.5,11.845435242709764,113392,CNG,Individual,Automatic,2
car_595,2010,0.5,4.839783196578063,116250,CNG,Individual,Automatic,0
car_596,2006,4.062169368824667,15.604409257217117,31649,CNG,Dealer,Automatic,0
car_597,2010,0.5,9.189743896174223,93668,Diesel,Individual,Manual,2
car_598,2022,0.7827909743937828,9.976441254933839,87325,Diesel,Dealer,Automatic,2
car_599,2006,1.8050676946468454,10.604119017936025,19567,Petrol,Individual,Automatic,2
car_600,2022,6.201507674410534,24.484725139314577,85404,Diesel,Individual,Automatic,2
car_601,2019,1.0133747705539626,17.096515746907126,94906,Diesel,Dealer,Manual,0
car_602,2006,0.5,10.716615576368103,113069,Diesel,Individual,Automatic,1
car_603,2010,0.5,19.089345932705715,101019,CNG,Dealer,Manual,0
car_604,2005,3.1086520725251106,22.05221887824942,66944,Diesel,Dealer,Automatic,1
car_605,2019,0.5,9.633472020538946,83002,CNG,Individual,Manual,2
car_606,2014,5.109649331513,13.579374842709843,33803,Petrol,Individual,Manual,1
car_607,2021,2.724601528259022,5.412810613434532,23230,Petrol,Individual,Manual,0
car_608,2009,0.5,7.072181786971049,22862,CNG,Individual,Automatic,0
car_609,2008,2.5559902297690633,21.07129991101952,48355,CNG,Dealer,Automatic,2
car_610,2014,0.8371151316167357,7.0802737354775545,36259,CNG,Dealer,Manual,0
car_611,2021,0.5,16.704574742677686,104075,Diesel,Individual,Automatic,2
car_612,2014,0.6501836063029335,21.853295328228114,92445,Petrol,Dealer,Manual,0
car_613,2021,2.151039590141344,4.992553846652827,35795,CNG,Dealer,Manual,0
car_614,2009,0.5,17.8847421496093,119604,Diesel,Individual,Automatic,2
car_615,2006,1.1425668758316356,9.183757943638184,13770,Petrol,Dealer,Automatic,1
car_616,2010,12.606344186429304,28.961952506652235,16093,Diesel,Dealer,Automatic,0
car_617,2006,2.1247968700717452,15.539278108157893,51571,Petrol,Individual,Manual,1
car_618,2017,10.939229961497697,24.567791393704425,5193,Diesel,Dealer,Manual,0
car_619,2015,0.5,17.40634318037533,105311,Petrol,Individual,Automatic,0
car_620,2015,0.5700082903075965,3.2155509199349366,22569,Petrol,Dealer,Manual,0
car_621,2020,9.38317600045824,19.728238516632626,16190,Diesel,Individual,Automatic,0
car_622,2015,5.155724703507898,28.639293581786397,67824,CNG,Dealer,Manual,1
car_623,2019,6.547228050043942,18.845130964097272,47752,Petrol,Dealer,Automatic,1
car_624,2020,8.413883270115914,24.937288063950128,37327,CNG,Individual,Automatic,0
car_625,2015,6.0273919238766425,26.75778097375542,47070,Diesel,Individual,Manual,0
car_626,2020,0.5,8.38623361457011,90925,CNG,Individual,Automatic,1
car_627,2012,0.703697814055709,7.937255517430346,45197,CNG,Individual,Automatic,2
car_628,2008,8.209720759726507,19.107467687827768,7261,CNG,Dealer,Manual,2
car_629,2012,0.5,13.508797154587732,98905,CNG,Dealer,Automatic,1
car_630,2008,8.525171644254707,25.51611648026817,31512,CNG,Dealer,Manual,0
car_631,2007,11.972285975268193,27.200647455144313,11716,Petrol,Individual,Automatic,0
car_632,2007,0.5,11.895798620476107,91795,Petrol,Dealer,Manual,2
car_633,2022,2.7668740739883546,8.632375651285498,33933,Petrol,Dealer,Automatic,2
car_634,2009,0.5,23.85471442682813,112225,Diesel,Individual,Automatic,1
car_635,2022,3.352006032786141,9.694568995347812,9378,CNG,Individual,Automatic,2
car_636,2014,7.343611425238831,25.033200918382995,45583,Petrol,Dealer,Automatic,1
car_637,2010,0.5,13.86467110216536,117082,Diesel,Individual,Manual,2
car_638,2005,0.5,20.69139718016117,90371,Petrol,Dealer,Manual,2
car_639,2009,0.5,4.674988787370709,34033,Petrol,Dealer,Manual,2
car_640,2013,6.265561731757663,19.468061090944044,29000,CNG,Individual,Manual,0
car_641,2016,0.5,14.649495004642414,116032,Diesel,Dealer,Manual,0
car_642,2018,0.9289999538889253,18.425036968913275,80868,CNG,Individual,Manual,0
car_643,2006,0.5,6.704397816856176,47604,CNG,Individual,Manual,2
car_644,2021,4.1004805696727225,22.6324648584371,73336,Petrol,Dealer,Automatic,1
car_645,2018,1.5385645554407232,26.1583181712104,100074,CNG,Dealer,Automatic,1
car_646,2017,0.9097771872747937,8.068714402541719,100655,Diesel,Dealer,Automatic,1
car_647,2013,0.5,4.680007554564528,78869,CNG,Individual,Automatic,1
car_648,2019,0.5,2.661880409297419,10410,CNG,Dealer,Manual,0
car_649,2019,0.949251392530553,19.975202012411447,88375,CNG,Individual,Manual,0
car_650,2015,3.167598956610103,18.99863301048586,61044,Petrol,Individual,Manual,2
car_651,2020,3.336928642361065,17.30752755599396,68315,Diesel,Dealer,Automatic,2
car_652,2021,0.5,8.494518691247311,101055,Petrol,Individual,Manual,1
car_653,2008,1.028375853190594,12.945367885354411,76344,Petrol,Dealer,Automatic,0
car_654,2005,7.512339476802693,18.645337385212844,11796,Petrol,Dealer,Manual,1
car_655,2012,0.7528640261031445,15.909472048056742,91716,Petrol,Dealer,Manual,2
car_656,2021,10.523795935909108,29.657994566016846,59245,Petrol,Dealer,Manual,2
car_657,2007,0.5,5.820313071588528,48056,Diesel,Dealer,Manual,1
car_658,2019,10.149648316610861,21.464047513332627,22709,CNG,Dealer,Automatic,2
car_659,2019,3.164135513829244,13.32092550692018,63557,Petrol,Dealer,Automatic,1
car_660,2018,5.857822295846575,13.989589217917214,22543,Petrol,Individual,Manual,0
car_661,2018,7.364390303923809,22.092737438428934,42418,Diesel,Dealer,Automatic,1
car_662,2006,0.5,21.38821223708235,99611,Diesel,Individual,Manual,0
car_663,2017,0.5,29.755167823661274,108291,CNG,Individual,Manual,0
car_664,2018,0.5,5.5950401047155065,118504,Diesel,Individual,Manual,2
car_665,2011,0.5,4.915070182756658,108001,CNG,Dealer,Manual,2
car_666,2007,0.5,22.281486879604753,101038,Petrol,Individual,Automatic,2
car_667,2019,6.4752416776818045,18.194833676179456,21724,Petrol,Individual,Manual,1
car_668,2018,3.612895497206765,9.676498663674565,8828,CNG,Dealer,Manual,1
car_669,2015,0.5,4.223742331691625,22087,Diesel,Dealer,Automatic,2
car_670,2019,0.7895320634709299,4.3984309887000546,17605,CNG,Individual,Manual,1
car_671,2017,10.001042109510037,27.037344490595313,36337,Diesel,Dealer,Automatic,2
car_672,2022,3.9432476305069226,7.372285092124802,10482,Petrol,Dealer,Manual,1
car_673,2010,0.5,11.054403739234582,70333,Diesel,Dealer,Manual,0
car_674,2007,0.5,8.346379262355665,97541,CNG,Dealer,Manual,0
car_675,2019,1.3258531087993592,11.939896563294244,93296,CNG,Individual,Manual,2
car_676,2009,0.5,3.9438675968906143,55952,Petrol,Dealer,Manual,1
car_677,2014,7.319995596293756,16.53367414543157,10463,Diesel,Dealer,Manual,1
car_678,2011,0.5,3.8931517805820173,117164,Diesel,Dealer,Automatic,0
car_679,2021,3.339922989530787,24.409982219026123,75448,Diesel,Individual,Manual,0
car_680,2011,2.7689347277990115,8.543938293492126,9648,Petrol,Individual,Automatic,2
car_681,2016,4.175946067870021,17.120333608926295,38623,Diesel,Dealer,Automatic,0
car_682,2021,5.746337482581111,26.642214451720832,64156,CNG,Dealer,Manual,2
car_683,2017,6.422003825866708,20.224566333321437,40634,Diesel,Individual,Automatic,0
car_684,2008,0.5,16.922818023437387,49602,Petrol,Dealer,Manual,0
car_685,2014,0.5,11.081345087230517,119598,Diesel,Dealer,Automatic,1
car_686,2007,0.8998074541589494,11.324053565629542,54334,Diesel,Individual,Manual,0
car_687,2013,0.5620844621824936,20.745634745549324,73648,CNG,Dealer,Automatic,0
car_688,2017,13.154648114075219,29.83590211419269,27054,Diesel,Dealer,Automatic,2
car_689,2022,3.1179248678994216,20.5314973157826,75028,CNG,Individual,Manual,0
car_690,2019,6.9809673112151405,17.617935686360696,27207,CNG,Individual,Automatic,2
car_691,2008,0.5,22.45821428669889,85650,Petrol,Dealer,Manual,0
car_692,2019,0.5,15.025757143944109,104821,CNG,Individual,Manual,0
car_693,2006,0.5,3.683985592821986,86554,CNG,Dealer,Manual,2
car_694,2019,7.552589941405747,17.744310844581474,26386,Petrol,Dealer,Manual,1
car_695,2012,1.766417484097114,28.813507966150645,88276,CNG,Dealer,Manual,2
car_696,2012,0.5,6.9084823860144695,64518,Petrol,Individual,Automatic,2
car_697,2021,5.5632859729048265,21.320136942978642,57781,Diesel,Individual,Automatic,2
car_698,2016,1.0284646401309507,7.626143282453581,57780,Petrol,Dealer,Automatic,1
car_699,2014,2.8437167084258714,17.003175165246276,66440,CNG,Dealer,Manual,0
car_700,2013,0.5,4.706940590108149,49199,Petrol,Individual,Automatic,2
car_701,2009,0.5,14.610386215229184,66035,CNG,Individual,Automatic,2
car_702,2010,9.149973006545853,23.17257320906689,13210,Diesel,Individual,Automatic,1
car_703,2006,0.5,11.732002678691497,49363,Petrol,Dealer,Automatic,2
car_704,2017,0.5,20.617528285642106,116175,Diesel,Individual,Automatic,0
car_705,2010,0.5,24.272598902112417,83279,CNG,Individual,Manual,1
car_706,2009,4.692670864710971,27.960978945424674,65348,CNG,Dealer,Manual,0
car_707,2005,0.5,8.5699782919527,60284,Diesel,Dealer,Automatic,0
car_708,2010,0.5,13.180845642660628,112628,Petrol,Dealer,Manual,1
car_709,2010,0.5,6.2676483732516886,114835,Petrol,Individual,Manual,2
car_710,2020,5.16099394753199,29.789538060434506,77124,CNG,Dealer,Automatic,0
car_711,2008,4.127249889931092,27.95602710188027,73847,Diesel,Dealer,Automatic,0
car_712,2015,4.057956150335879,17.118799647855667,27432,Diesel,Dealer,Manual,0
car_713,2013,3.6192146760822217,25.576932242539797,69089,Petrol,Dealer,Automatic,0
car_714,2007,0.9266348096316912,16.58682336361718,60398,Petrol,Individual,Manual,1
car_715,2012,0.5,19.46039926407727,104291,Petrol,Dealer,Manual,1
car_716,2009,0.5,4.495484099248465,8321,Diesel,Individual,Automatic,0
car_717,2008,0.8388482834519788,23.14757177391062,86348,Petrol,Individual,Manual,2
car_718,2010,0.8756156505852759,5.575977541786575,42383,Petrol,Individual,Manual,0
car_719,2006,0.5,25.129893647070794,118816,CNG,Dealer,Manual,2
car_720,2015,2.2322898541453418,23.896786454770805,83682,Petrol,Individual,Automatic,0
car_721,2008,0.5,21.84485153680334,84190,Petrol,Dealer,Automatic,2
car_722,2019,0.5,3.012490654693339,57893,Diesel,Dealer,Automatic,0
car_723,2010,0.8961935505023839,10.487593966469202,40820,Diesel,Dealer,Automatic,2
car_724,2021,0.7529047896812227,9.3671519575036,71262,CNG,Individual,Manual,0
car_725,2010,4.547276781669435,12.083819409202535,8760,Petrol,Dealer,Automatic,0
car_726,2006,0.5,4.453996909387479,27190,CNG,Dealer,Automatic,2
car_727,2019,8.010712605278504,28.23481904486976,72411,Diesel,Dealer,Automatic,1
car_728,2015,4.8391147416863145,17.506462739946535,28377,CNG,Individual,Automatic,2
car_729,2012,0.8355854539745452,10.55468069842466,51737,Diesel,Individual,Manual,1
car_730,2017,0.5,13.115482478079937,74569,CNG,Individual,Manual,0
car_731,2016,1.3530822490052912,14.5216711341354,43211,CNG,Dealer,Manual,2
car_732,2009,0.5,18.816641334097284,87909,Petrol,Individual,Automatic,2
car_733,2010,6.441315640059574,16.43902397550194,8744,CNG,Dealer,Automatic,2
car_734,2008,8.03044200223712,27.742975250003685,29995,Petrol,Dealer,Manual,1
car_735,2005,3.693198827476371,15.914977521363248,21977,Petrol,Individual,Automatic,1
car_736,2021,0.9113004079226058,29.780424415052757,102938,Petrol,Dealer,Automatic,0
car_737,2016,7.900925440192412,25.839898816862682,39542,Petrol,Individual,Manual,1
car_738,2019,2.3693063000080343,7.838294402005403,15651,CNG,Dealer,Manual,1
car_739,2005,0.5,28.056666010029655,104239,Diesel,Individual,Automatic,0
car_740,2018,0.5,5.258259140793331,83931,Diesel,Dealer,Automatic,2
car_741,2010,0.5,24.888591837753363,100344,Diesel,Dealer,Automatic,2
car_742,2009,0.5,12.657452217344243,107112,CNG,Dealer,Manual,0
car_743,2015,8.089468675907296,26.583280972461946,21715,Petrol,Dealer,Manual,2
car_744,2008,5.457059312107702,26.30558732300861,49409,Diesel,Dealer,Manual,1
car_745,2017,8.252221876819782,24.565911203293393,29306,CNG,Individual,Manual,0
car_746,2015,8.316084411288488,24.12085221659772,24086,Petrol,Dealer,Automatic,0
car_747,2007,0.972711342880451,10.531015894745142,19376,Diesel,Individual,Manual,0
car_748,2005,0.5,4.265739925435061,66350,Petrol,Individual,Manual,2
car_749,2010,0.5,13.283445005424522,76425,Diesel,Individual,Automatic,0
car_750,2022,0.5,6.858686419622243,108358,Diesel,Dealer,Automatic,0
car_751,2014,6.7296171167509256,21.458630489268927,41636,Diesel,Dealer,Automatic,0
car_752,2009,0.5,11.690792343057995,91120,Petrol,Dealer,Manual,2
car_753,2014,0.5,29.317085624077617,119889,CNG,Individual,Automatic,1
car_754,2016,4.602872875961094,19.947218165669298,56649,Petrol,Dealer,Automatic,0
car_755,2006,6.380958315772019,25.029455781762106,39610,Diesel,Dealer,Manual,1
car_756,2017,0.5847569278295293,5.7106908367717555,15058,Petrol,Individual,Manual,2
car_757,2012,0.5,26.136405503633434,79637,CNG,Individual,Automatic,2
car_758,2006,0.5,27.83720133437504,83033,Petrol,Individual,Manual,2
car_759,2005,0.5,15.637733726930206,75194,CNG,Individual,Automatic,2
car_760,2009,0.9017483416618958,18.975082257027367,81917,CNG,Individual,Automatic,1
car_761,2013,3.2680306464936573,23.414674425283874,69200,Petrol,Individual,Manual,0
car_762,2021,0.5,6.895481563291551,110848,Diesel,Dealer,Automatic,2
car_763,2013,0.5,16.071850140976387,111022,CNG,Individual,Manual,2
car_764,2015,1.9278605887884401,13.162564777624766,51619,Petrol,Dealer,Manual,1
car_765,2019,2.195788035986145,6.098471780542975,22154,CNG,Dealer,Manual,1
car_766,2010,1.3314863926651668,12.29096382416288,24539,Diesel,Dealer,Automatic,2
car_767,2007,0.5,3.90882466279382,65058,Petrol,Individual,Manual,0
car_768,2021,0.5,2.7227333945856356,67068,Petrol,Dealer,Manual,0
car_769,2009,0.5,5.784656096335038,82313,Petrol,Individual,Automatic,2
car_770,2016,0.5,28.96722312449687,104932,Diesel,Individual,Automatic,1
car_771,2022,4.708339353155743,17.386827005060475,35373,CNG,Dealer,Automatic,2
car_772,2018,10.117717944843276,29.04302051229016,38154,Petrol,Individual,Automatic,2
car_773,2015,5.677136483305423,14.109940593243696,11031,CNG,Dealer,Manual,1
car_774,2013,0.5,10.730851726387268,98533,CNG,Dealer,Manual,2
car_775,2006,0.5,16.171972159526835,76975,Diesel,Individual,Manual,2
car_776,2016,4.443405732158794,14.306327281721483,27785,Petrol,Dealer,Automatic,2
car_777,2007,0.5,4.95861115932883,83928,CNG,Dealer,Automatic,1
car_778,2007,3.6967164965559673,19.943136811325775,33669,Petrol,Dealer,Manual,0
car_779,2005,0.5,8.049069110268789,99475,Petrol,Individual,Automatic,0
car_780,2012,8.20239842742701,19.34846273713923,7282,Diesel,Dealer,Automatic,1
car_781,2012,5.169555261740827,20.205630587148296,39624,Petrol,Individual,Manual,0
car_782,2015,0.5,6.256695887602147,53438,Petrol,Individual,Manual,2
car_783,2013,0.5,3.7177895590987085,94900,CNG,Dealer,Automatic,0
car_784,2009,2.4233245509924344,23.861324409916314,72534,Diesel,Dealer,Automatic,2
car_785,2018,6.3235022575154805,14.874411865540965,36705,Petrol,Individual,Automatic,0
car_786,2007,0.5,3.628586274153322,43244,CNG,Individual,Manual,1
car_787,2009,1.9103163804401446,29.85625688075348,79964,Diesel,Dealer,Manual,0
car_788,2009,0.5,3.617855707898266,42437,Diesel,Dealer,Manual,0
car_789,2018,1.5723364164638542,21.46098640803949,82872,CNG,Individual,Manual,0
car_790,2008,2.1261026862656394,29.54300990737558,79878,CNG,Individual,Manual,1
car_791,2017,0.5,8.697042918045916,110368,CNG,Individual,Automatic,0
car_792,2014,0.5,5.982982323241493,77982,CNG,Individual,Automatic,1
car_793,2022,0.5,5.398778303828009,55583,CNG,Individual,Automatic,2
car_794,2012,1.7539106599549137,10.491704131892675,43392,Petrol,Dealer,Manual,0
car_795,2012,0.5,4.829282708298107,12461,Petrol,Individual,Manual,1
car_796,2011,0.5,21.380517567435692,105123,Diesel,Individual,Manual,1
car_797,2012,0.5,3.7441703476417554,15516,Petrol,Dealer,Automatic,0
car_798,2018,0.6206137977077092,16.26381958819411,84285,Petrol,Dealer,Manual,2
car_799,2010,12.142116610198089,29.90751190788335,22514,Petrol,Individual,Manual,1
car_800,2005,0.5,24.791167546168527,105962,CNG,Individual,Automatic,0
car_801,2019,4.234257196068282,19.226144270468303,41268,Diesel,Dealer,Manual,2
car_802,2005,0.5,10.575101382025126,95486,Diesel,Individual,Automatic,1
car_803,2021,0.5,19.469083416165876,105424,Diesel,Individual,Manual,1
car_804,2005,2.3532768929611323,16.757160989526245,41788,Diesel,Dealer,Manual,2
car_805,2019,2.9853476764265787,13.930334748930402,80749,Petrol,Individual,Automatic,2
car_806,2006,0.5,5.659890548725585,66049,Petrol,Dealer,Automatic,0
car_807,2018,4.425145002958368,26.82491802673307,67493,CNG,Dealer,Automatic,0
car_808,2012,3.9270630356074854,14.59397016699703,41027,Diesel,Dealer,Automatic,1
car_809,2012,0.5,7.449430330981421,98547,Petrol,Dealer,Automatic,2
car_810,2011,0.5,12.29726182456411,47849,Petrol,Individual,Automatic,2
car_811,2010,0.5,13.595633070809956,105127,CNG,Dealer,Manual,2
car_812,2010,8.048498515943301,25.17106107587248,22858,CNG,Individual,Manual,1
car_813,2007,0.5119298381570739,22.541202655719257,89162,CNG,Individual,Automatic,2
car_814,2011,0.9353414222539758,23.540537021957515,84003,Petrol,Individual,Manual,2
car_815,2012,0.5,2.308875404002122,57395,Petrol,Individual,Automatic,1
car_816,2014,1.397606607569657,13.652311949033322,44758,CNG,Individual,Manual,0
car_817,2019,4.159752921439655,15.47763624578906,59312,Diesel,Dealer,Automatic,0
car_818,2019,0.5,2.537383751045587,73670,CNG,Dealer,Manual,1
car_819,2005,0.5,9.274769844860959,87279,CNG,Dealer,Manual,2
car_820,2011,9.011986173170783,23.28811504741978,20434,CNG,Dealer,Manual,1
car_821,2008,0.5,5.839071760411974,69047,CNG,Individual,Manual,0
car_822,2010,3.124450581616508,16.988683680672565,52775,Petrol,Dealer,Manual,0
car_823,2005,0.5,8.02565241648265,80769,Diesel,Individual,Automatic,1
car_824,2009,0.5,2.3393816900290116,119682,CNG,Individual,Automatic,1
car_825,2005,0.5,8.753640812787161,71677,Diesel,Dealer,Automatic,0
car_826,2008,1.1644692243395354,29.324465137481507,88555,Diesel,Dealer,Manual,1
car_827,2006,0.5,24.443039132723708,90920,Diesel,Dealer,Automatic,0
car_828,2014,0.5,28.868146040988936,113439,CNG,Dealer,Manual,1
car_829,2009,0.5,15.659913229938148,50734,Petrol,Individual,Manual,1
car_830,2014,0.5,5.072613562970098,106665,CNG,Individual,Manual,1
car_831,2005,0.5,17.342865691263402,93503,Diesel,Dealer,Automatic,0
car_832,2010,1.6473006875221223,14.722565367678904,45603,Diesel,Individual,Manual,1
car_833,2017,3.5468580753827386,25.64199831670925,81708,Petrol,Individual,Automatic,0
car_834,2019,0.5,4.746312261958849,86926,CNG,Individual,Automatic,0
car_835,2008,0.6142296884358321,15.670751836609789,73803,Diesel,Dealer,Manual,1
car_836,2017,0.5053805628929341,6.201362611431559,44332,Petrol,Individual,Manual,1
car_837,2019,0.5,11.09092595292168,96703,Diesel,Dealer,Automatic,0
car_838,2012,7.318069789267853,22.64599816685839,26312,Petrol,Dealer,Automatic,0
car_839,2009,0.5,15.328507622325462,98376,Petrol,Individual,Automatic,2
car_840,2019,0.5,12.52487198408154,89526,CNG,Individual,Automatic,0
car_841,2008,0.9165945029652411,13.045335799960988,49179,Diesel,Dealer,Automatic,2
car_842,2016,3.0745799201264536,14.864509515367626,76442,CNG,Individual,Automatic,2
car_843,2017,0.5,23.980463227437593,119332,Diesel,Individual,Manual,2
car_844,2006,5.412469242417898,26.978371290326564,45379,CNG,Dealer,Automatic,1
car_845,2008,10.504756759901538,28.749371222109993,22297,Diesel,Dealer,Automatic,1
car_846,2008,9.68976676539789,24.033294815148263,7011,CNG,Dealer,Automatic,0
car_847,2015,1.7746529650886038,10.831393080944355,49014,Petrol,Dealer,Automatic,2
car_848,2009,0.5,21.26777177042318,117094,Diesel,Individual,Manual,1
car_849,2015,5.686423347224704,14.252887473550974,16738,Diesel,Individual,Manual,1
car_850,2014,0.5,9.130777417289433,99333,Petrol,Dealer,Automatic,1
car_851,2012,6.187990535504147,25.544404223925834,52498,CNG,Dealer,Automatic,1
car_852,2010,0.5,3.0759377709451,16120,Diesel,Dealer,Automatic,1
car_853,2010,10.568955525241538,27.24933577979186,13767,Diesel,Individual,Manual,2
car_854,2012,4.86912823559567,14.921369009492556,27852,CNG,Dealer,Manual,2
car_855,2019,3.6146090981044967,19.841641350631853,84239,Petrol,Individual,Manual,2
car_856,2018,10.759555720432424,20.461909821761914,5929,CNG,Dealer,Manual,2
car_857,2015,2.3575756457863064,27.06329673978302,82487,CNG,Dealer,Manual,0
car_858,2016,0.5,19.826751100681804,96575,CNG,Dealer,Manual,2
car_859,2017,0.5,19.19014037328173,119149,Diesel,Individual,Automatic,1
car_860,2012,0.5,3.866257135699319,100040,Petrol,Individual,Manual,2
car_861,2022,7.835405388976957,16.515424614465715,22438,Petrol,Individual,Manual,0
car_862,2005,0.5,6.204732022877167,53515,CNG,Dealer,Automatic,1
car_863,2019,11.905975145798838,22.648145524201595,10744,Diesel,Individual,Manual,2
car_864,2012,0.5,16.342213782754886,88820,CNG,Individual,Automatic,2
car_865,2015,5.266807249304138,21.046377817833893,47417,Diesel,Dealer,Manual,2
car_866,2016,0.5,3.1668412168667595,110284,Diesel,Dealer,Automatic,1
car_867,2016,0.5,4.374176449282491,12069,Diesel,Individual,Automatic,1
car_868,2008,5.579164275470489,22.057054865755102,47359,Diesel,Individual,Automatic,0
car_869,2020,0.6079178978985956,4.018361407962854,24799,Petrol,Individual,Automatic,1
car_870,2008,0.5,3.9951883774272408,103746,Diesel,Individual,Automatic,1
car_871,2009,0.5,2.3390373065768486,98762,Diesel,Dealer,Manual,2
car_872,2009,4.377483163904941,28.782039152385444,75188,CNG,Dealer,Manual,1
car_873,2012,0.5,22.650234064852196,94859,CNG,Dealer,Automatic,2
car_874,2014,0.5,11.891039438057796,112674,Petrol,Individual,Automatic,2
car_875,2021,6.226800612282818,10.302996276054346,12597,CNG,Individual,Automatic,1
car_876,2013,1.8719349092007305,11.791690432883787,52093,Diesel,Dealer,Manual,0
car_877,2018,7.592269871070663,23.690298873073093,42226,CNG,Dealer,Automatic,0
car_878,2012,1.6201139647053457,20.518377109971603,77127,Petrol,Individual,Automatic,1
car_879,2013,0.5,7.185475900289102,119650,CNG,Individual,Automatic,0
car_880,2015,0.5,6.875061389354362,96369,CNG,Dealer,Automatic,2
car_881,2005,0.5,4.755078191975125,82362,Petrol,Dealer,Manual,2
car_882,2018,7.654282014157513,20.488476151637467,31417,Petrol,Dealer,Automatic,1
car_883,2009,6.362849931656111,23.402434542208606,23693,Diesel,Individual,Automatic,0
car_884,2018,0.5,9.421299993100114,84674,CNG,Individual,Manual,0
car_885,2008,0.5,2.5864589088655587,58161,Diesel,Individual,Automatic,2
car_886,2005,0.5,4.300806689339966,7169,CNG,Individual,Automatic,1
car_887,2012,2.3442249072844334,29.100080975660852,89092,CNG,Individual,Manual,0
car_888,2019,3.684366439620553,10.272453769367768,27052,Diesel,Individual,Manual,1
car_889,2019,3.070754587164805,23.53824813946774,76849,CNG,Dealer,Manual,0
car_890,2013,0.5,19.490579927919384,78851,CNG,Dealer,Automatic,2
car_891,2013,3.27078233749587,12.694309910281085,13036,CNG,Individual,Automatic,2
car_892,2014,1.1215913159761026,7.759243341475543,36778,Petrol,Dealer,Manual,1
car_893,2013,0.5,5.39881970846338,32734,Diesel,Individual,Manual,2
car_894,2007,6.299834436136397,19.220363105088264,28173,Petrol,Dealer,Manual,0
car_895,2015,8.611277263889985,23.689745857858064,35403,Diesel,Individual,Automatic,2
car_896,2010,2.4638211052653185,20.02931909915166,71321,Diesel,Dealer,Automatic,1
car_897,2006,0.5,16.848459730976433,76675,CNG,Dealer,Manual,1
car_898,2011,0.5,3.1746342560858154,11344,Diesel,Individual,Automatic,1
car_899,2022,13.530946152616151,29.117685772642744,23800,Petrol,Individual,Manual,0
car_900,2006,6.982334944774492,24.36399736632809,30372,Petrol,Dealer,Automatic,0
car_901,2021,0.589039744972268,10.199017027627013,66516,Petrol,Dealer,Automatic,0
car_902,2015,12.914363273824115,29.439169222047816,25538,Diesel,Individual,Automatic,0
car_903,2016,3.9174535255815153,18.852684509817017,68918,Petrol,Dealer,Automatic,0
car_904,2011,5.012239628132415,18.307834429802902,19973,Diesel,Individual,Manual,2
car_905,2010,1.1925526921757679,22.946049024026898,76155,Petrol,Individual,Automatic,0
car_906,2005,0.5,24.729554066523853,105240,Petrol,Dealer,Automatic,0
car_907,2021,5.265690322765391,20.381401005282076,64500,Diesel,Individual,Manual,2
car_908,2015,0.5,5.586680898253601,41575,Petrol,Dealer,Automatic,0
car_909,2022,0.5,11.471490167845955,110455,CNG,Dealer,Manual,1
car_910,2021,9.45234990831384,27.98634192912939,47261,Diesel,Individual,Manual,0
car_911,2011,0.5,8.289237131627853,115659,Diesel,Dealer,Automatic,0
car_912,2021,4.801992992567144,12.420676667450373,32716,Diesel,Individual,Automatic,1
car_913,2013,5.1774443288064464,14.098152722437488,8236,CNG,Individual,Manual,1
car_914,2021,5.411980512787215,14.30333971144466,20848,Diesel,Individual,Manual,1
car_915,2012,6.460472258507743,19.162308309846715,7352,Petrol,Dealer,Manual,1
car_916,2021,15.086078991282957,28.406123456851812,6932,Petrol,Individual,Automatic,0
car_917,2011,0.5,8.739395931310138,81449,Petrol,Dealer,Manual,1
car_918,2005,0.5,5.402038536425706,13556,Diesel,Individual,Manual,1
car_919,2017,0.5,7.529173716078245,91836,Petrol,Individual,Manual,2
car_920,2021,13.814066811028654,26.833897205859547,10498,Diesel,Individual,Automatic,1
car_921,2017,1.5500486993246998,20.082702754345767,81118,Petrol,Dealer,Manual,1
car_922,2020,2.4266873433231697,10.005390098696484,55098,CNG,Dealer,Automatic,2
car_923,2012,3.355244955376743,24.846514291121284,69386,CNG,Individual,Automatic,2
car_924,2022,0.5,26.11835989817621,117169,CNG,Individual,Manual,0
car_925,2005,9.883396386818717,25.702401483327783,14569,CNG,Dealer,Automatic,2
car_926,2018,6.99285102563943,27.729942941907524,61882,Diesel,Dealer,Manual,0
car_927,2019,1.6381306196087413,9.062748564854125,75393,Petrol,Dealer,Automatic,2
car_928,2022,12.805160245791335,23.14117400489579,5340,CNG,Individual,Automatic,2
car_929,2006,0.8145201141386684,14.89510592367592,48949,Diesel,Dealer,Manual,0
car_930,2021,2.5336235707826944,25.575959480921725,87302,CNG,Individual,Manual,2
car_931,2022,4.022481079872985,22.39773896052517,67443,CNG,Dealer,Manual,0
car_932,2010,0.5,23.74052850199229,96668,Diesel,Individual,Automatic,2
car_933,2008,1.8949303711954386,20.372531455070003,79027,Diesel,Individual,Automatic,1
car_934,2005,0.5,6.968005545151792,5138,Petrol,Individual,Manual,2
car_935,2012,7.543644892775553,17.260753729114274,5358,Petrol,Dealer,Manual,0
car_936,2011,2.1249070959387266,29.57075270668623,80250,CNG,Dealer,Automatic,2
car_937,2007,0.5787306866281243,28.24686586191933,90376,CNG,Dealer,Automatic,0
car_938,2014,0.5,3.2088646023163268,104931,Petrol,Individual,Automatic,0
car_939,2014,1.075913835984056,6.6148148404242395,35654,Petrol,Individual,Manual,1
car_940,2018,0.5,5.688405656727733,30879,Diesel,Dealer,Automatic,1
car_941,2006,0.5,22.327437479588273,86532,Petrol,Individual,Manual,0
car_942,2005,3.788769371463872,24.897989235994462,60778,Petrol,Individual,Automatic,2
car_943,2022,2.4542347848687687,7.978318256698813,42772,CNG,Individual,Automatic,0
car_944,2011,2.2355949402456,16.16387540265121,63478,Petrol,Dealer,Manual,0
car_945,2012,2.8340400366381155,25.5396847843136,69353,CNG,Individual,Manual,2
car_946,2005,5.798175133795905,22.51844325345502,31762,Petrol,Dealer,Manual,2
car_947,2007,6.049007797280106,17.18264175377175,18283,Diesel,Dealer,Automatic,2
car_948,2012,2.952258590121814,18.52973533284564,68922,Petrol,Dealer,Automatic,2
car_949,2019,5.282909593036512,16.23409531365584,44420,Petrol,Dealer,Automatic,0
car_950,2009,0.5,10.331356636926976,60568,Petrol,Dealer,Manual,0
car_951,2007,0.5,17.82061580005245,90090,CNG,Individual,Automatic,1
car_952,2005,6.0034069683487035,21.28878845740254,25219,Diesel,Dealer,Manual,0
car_953,2019,6.429803495326332,26.453041644102615,62169,Petrol,Dealer,Manual,2
car_954,2012,0.5,19.816157911418948,105455,CNG,Dealer,Manual,1
car_955,2006,0.5,23.311403037208425,79965,Diesel,Individual,Automatic,2
car_956,2007,0.5,6.482005778728044,51840,CNG,Individual,Automatic,0
car_957,2018,3.7561871021662077,14.923609283754118,49695,CNG,Individual,Manual,1
car_958,2018,0.5,2.2612853551586123,110209,Diesel,Individual,Automatic,2
car_959,2015,0.5,8.907008206605445,89754,Petrol,Dealer,Manual,1
car_960,2020,2.660762352288742,22.340928023164135,82988,CNG,Dealer,Manual,1
car_961,2008,4.344977173917876,29.770678637782176,63342,CNG,Individual,Automatic,0
car_962,2009,0.5,4.776986788442045,119516,Petrol,Individual,Manual,2
car_963,2018,4.001969369652355,13.241840844116071,23951,Petrol,Individual,Manual,1
car_964,2020,12.202501410741887,24.401987123576465,6307,Diesel,Individual,Automatic,1
car_965,2022,1.7690592094360356,7.712997769609167,85388,Diesel,Dealer,Manual,2
car_966,2011,0.5,17.542378580464014,95768,Diesel,Individual,Manual,1
car_967,2014,6.463575239833701,22.525996288830896,40428,Petrol,Individual,Manual,1
car_968,2011,0.5,19.247592607285014,113707,CNG,Individual,Manual,1
car_969,2005,0.5,7.264692569231652,97021,CNG,Individual,Manual,2
car_970,2020,1.0205964607725568,11.950767923200704,80774,Diesel,Individual,Manual,2
car_971,2008,4.491916094591776,23.94616996559112,43975,Petrol,Individual,Manual,2
car_972,2022,9.427772758513559,17.518342395696465,6140,CNG,Individual,Automatic,2
car_973,2006,0.5,2.1464291792015566,29842,Diesel,Dealer,Automatic,0
car_974,2005,3.908708341380338,23.30774128078663,31421,CNG,Dealer,Manual,1
car_975,2019,0.5,2.988717938326694,6708,CNG,Dealer,Manual,2
car_976,2009,9.793355226553803,22.8805459164745,8630,Petrol,Dealer,Automatic,1
car_977,2015,0.5,7.669455684626648,24595,Petrol,Dealer,Automatic,1
car_978,2014,4.554319825842495,28.826057443342645,81021,CNG,Dealer,Automatic,0
car_979,2006,1.7124647824667256,12.302341036458365,33308,Diesel,Individual,Automatic,2
car_980,2007,1.198910221991703,11.154085257466214,49789,Petrol,Individual,Automatic,2
car_981,2016,0.5,6.1688654093084505,60690,CNG,Dealer,Manual,1
car_982,2009,0.8499682799773833,10.556918033726017,31086,Petrol,Individual,Automatic,2
car_983,2009,9.46542718352233,26.546221331189617,21859,Petrol,Dealer,Automatic,1
car_984,2010,14.980535256304334,29.897361453562926,12684,Petrol,Individual,Automatic,1
car_985,2013,0.5,12.312666854191754,96088,CNG,Individual,Manual,0
car_986,2006,4.4171026334581835,14.561097666727193,6207,Diesel,Individual,Manual,0
car_987,2016,5.908609131485733,22.217986269676636,51099,Diesel,Individual,Manual,0
car_988,2007,3.2036420213147374,26.813481853022086,72496,Diesel,Individual,Manual,1
car_989,2016,4.941187516281687,18.605241357229957,71093,Petrol,Individual,Manual,2
car_990,2021,4.912032630271883,12.962719548979221,34689,CNG,Dealer,Manual,0
car_991,2014,2.1422359087039164,13.553411543761465,53651,Petrol,Dealer,Automatic,2
car_992,2018,8.918932554684384,21.47730810191059,18893,Diesel,Individual,Manual,0
car_993,2021,0.5,2.090111380919803,102808,Diesel,Dealer,Manual,0
car_994,2022,3.3129226685951476,19.34850144887554,71418,CNG,Individual,Automatic,1
car_995,2021,0.5,11.953804292358008,108065,Petrol,Dealer,Manual,0
car_996,2018,3.631389757151841,24.237525275758358,65011,Diesel,Individual,Automatic,0
car_997,2013,0.5,4.6037379150477005,43635,CNG,Dealer,Automatic,1
car_998,2012,3.3725635232231723,18.469663474554935,61115,Petrol,Individual,Manual,2
car_999,2006,0.5,15.467240916811464,100071,Petrol,Dealer,Automatic,0
